epoch,train_rmse,validation_rmse,objective
0,1.1254810828569972,1.1280268432702176,0.6373151183554104
1,1.008185981713877,1.0458921373146315,0.5182619368924807
2,0.9648331739519667,1.0249146372167113,0.48136265860469724
3,0.9411138902353224,1.0172267786834703,0.4627654229153076
4,0.9261314024890263,1.0131565979085402,0.4513065944298643
5,0.9152214435422351,1.0113735604916834,0.4433117914089978
6,0.906853653890298,1.0100864386623398,0.4372940233625098
7,0.9001217879351554,1.0089275913543032,0.43269343836627977
8,0.8950085916628564,1.0095649905969735,0.42900983229790085
9,0.8906406377142099,1.0092312508025043,0.4259530998715794
10,0.8868405512537256,1.010214712277533,0.42328236737132124
11,0.8832444389291999,1.0101717176459595,0.42101972494734596
12,0.8800306532546717,1.010247587434911,0.4190785224992768
13,0.8771558417286995,1.0104914640164606,0.41740170955166267
14,0.8748983218279246,1.0113450436587266,0.4159120692502865
15,0.8726801577281121,1.0120084865784846,0.41449239278575273
16,0.8703242635798737,1.0115793112451923,0.41331276507899467
17,0.8684031410668083,1.0118726197723606,0.41203416323313735
18,0.8662926568093963,1.0120360956463366,0.41096362828856725
19,0.8646447634845368,1.0137252128925338,0.4099724912577154
20,0.8625284246287898,1.0136054199793818,0.4089098632647592
