epoch,train_rmse,objective
0,1.125559542801612,0.6350733292986106
1,0.9771215095925776,0.4802759876081233
2,0.9369294899742174,0.44275321482993074
3,0.9157742682499658,0.4238822904501279
4,0.9011727988691642,0.4111246700455943
5,0.8895798527743903,0.4012695469009832
6,0.878603078202518,0.3921628726481628
7,0.8679515493433988,0.38352263973741607
8,0.8563584919992508,0.37434396903497896
9,0.8432737469144473,0.3642231123526852
10,0.8286820041083705,0.35318258954472953
11,0.8121247753984233,0.34093095916992927
12,0.7939861560860365,0.327891478119345
